category,subcategory,company_name,company_code,company_value
Basic Materials,Steel,Nucor Corporation,NUE,29439
Basic Materials,Building Materials,"Martin Marietta Materials, Inc.",MLM,19733
Basic Materials,Building Materials,Vulcan Materials Company,VMC,19851
Basic Materials,Copper,Freeport-McMoRan Inc.,FCX,39776
Basic Materials,Gold,Newmont Corporation,NEM,46379
Basic Materials,Agricultural Inputs,FMC Corporation,FMC,12979
Basic Materials,Agricultural Inputs,The Mosaic Company,MOS,16210
Basic Materials,Agricultural Inputs,"CF Industries Holdings, Inc.",CF,17532
Basic Materials,Agricultural Inputs,"Corteva, Inc.",CTVA,38124
Basic Materials,Chemicals,Eastman Chemical Company,EMN,11767
Basic Materials,Chemicals,Celanese Corporation,CE,12310
Basic Materials,Chemicals,"DuPont de Nemours, Inc.",DD,28712
Basic Materials,Chemicals,Dow Inc.,DOW,37354
Basic Materials,Chemicals,"Air Products and Chemicals, Inc.",APD,52235
Basic Materials,Specialty Chemicals,Albemarle Corporation,ALB,22607
Basic Materials,Specialty Chemicals,"PPG Industries, Inc.",PPG,27685
Basic Materials,Specialty Chemicals,LyondellBasell Industries N.V.,LYB,28557
Basic Materials,Specialty Chemicals,International Flavors & Fragrances Inc.,IFF,30082
Basic Materials,Specialty Chemicals,Ecolab Inc.,ECL,46021
Basic Materials,Specialty Chemicals,The Sherwin-Williams Company,SHW,64460
Basic Materials,Specialty Chemicals,Linde plc,LIN,137615
Utilities,Utilities - Independent Power Producers,"NRG Energy, Inc.",NRG,8914
Utilities,Utilities - Renewable,Constellation Energy Corporation,CEG,19175
Utilities,Utilities - Regulated Water,"American Water Works Company, Inc.",AWK,27327
Utilities,Utilities - Regulated Gas,NiSource Inc.,NI,11650
Utilities,Utilities - Regulated Gas,Atmos Energy Corporation,ATO,15589
Utilities,Utilities - Regulated Gas,"CenterPoint Energy, Inc.",CNP,18493
Utilities,Utilities - Diversified,The AES Corporation,AES,14013
Utilities,Utilities - Diversified,FirstEnergy Corp.,FE,21416
Utilities,Utilities - Diversified,Entergy Corporation,ETR,22675
Utilities,Utilities - Diversified,Public Service Enterprise Group Incorporated,PEG,30992
Utilities,Utilities - Diversified,Exelon Corporation,EXC,43452
Utilities,Utilities - Diversified,Sempra,SRE,46284
Utilities,Utilities - Diversified,"Dominion Energy, Inc.",D,64649
Utilities,Utilities - Regulated Electric,Pinnacle West Capital Corporation,PNW,8074
Utilities,Utilities - Regulated Electric,Alliant Energy Corporation,LNT,14620
Utilities,Utilities - Regulated Electric,"Evergy, Inc.",EVRG,14918
Utilities,Utilities - Regulated Electric,CMS Energy Corporation,CMS,19226
Utilities,Utilities - Regulated Electric,PPL Corporation,PPL,20097
Utilities,Utilities - Regulated Electric,Ameren Corporation,AEE,22726
Utilities,Utilities - Regulated Electric,Edison International,EIX,23836
Utilities,Utilities - Regulated Electric,DTE Energy Company,DTE,24353
Utilities,Utilities - Regulated Electric,Eversource Energy,ES,28849
Utilities,Utilities - Regulated Electric,"WEC Energy Group, Inc.",WEC,31784
Utilities,Utilities - Regulated Electric,"Consolidated Edison, Inc.",ED,33004
Utilities,Utilities - Regulated Electric,Xcel Energy Inc.,XEL,37842
Utilities,Utilities - Regulated Electric,"American Electric Power Company, Inc.",AEP,48555
Utilities,Utilities - Regulated Electric,The Southern Company,SO,76588
Utilities,Utilities - Regulated Electric,Duke Energy Corporation,DUK,83615
Utilities,Utilities - Regulated Electric,"NextEra Energy, Inc.",NEE,157316
Energy,Oil & Gas Midstream,"ONEOK, Inc.",OKE,24429
Energy,Oil & Gas Midstream,"The Williams Companies, Inc.",WMB,37529
Energy,Oil & Gas Midstream,"Kinder Morgan, Inc.",KMI,37575
Energy,Oil & Gas Equipment & Services,Halliburton Company,HAL,25839
Energy,Oil & Gas Equipment & Services,Baker Hughes Company,BKR,28181
Energy,Oil & Gas Equipment & Services,Schlumberger Limited,SLB,46343
Energy,Oil & Gas Refining & Marketing,Phillips 66,PSX,38983
Energy,Oil & Gas Refining & Marketing,Valero Energy Corporation,VLO,42517
Energy,Oil & Gas Refining & Marketing,Marathon Petroleum Corporation,MPC,44852
Energy,Oil & Gas E&P,APA Corporation,APA,10861
Energy,Oil & Gas E&P,Marathon Oil Corporation,MRO,14695
Energy,Oil & Gas E&P,"Diamondback Energy, Inc.",FANG,19592
Energy,Oil & Gas E&P,Coterra Energy Inc.,CTRA,21281
Energy,Oil & Gas E&P,Hess Corporation,HES,29359
Energy,Oil & Gas E&P,Devon Energy Corporation,DVN,33764
Energy,Oil & Gas E&P,Pioneer Natural Resources Company,PXD,50700
Energy,Oil & Gas E&P,Occidental Petroleum Corporation,OXY,54475
Energy,Oil & Gas E&P,"EOG Resources, Inc.",EOG,58024
Energy,Oil & Gas E&P,ConocoPhillips,COP,107800
Energy,Oil & Gas Integrated,Chevron Corporation,CVX,274385
Energy,Oil & Gas Integrated,Exxon Mobil Corporation,XOM,355436
Real Estate,REIT - Hotel & Motel,"Host Hotels & Resorts, Inc.",HST,11507
Real Estate,Real Estate Services,"CBRE Group, Inc.",CBRE,25084
Real Estate,REIT - Diversified,VICI Properties Inc.,VICI,30014
Real Estate,REIT - Healthcare Facilities,"Healthpeak Properties, Inc.",PEAK,14331
Real Estate,REIT - Healthcare Facilities,"Ventas, Inc.",VTR,20524
Real Estate,REIT - Healthcare Facilities,Welltower Inc.,WELL,37247
Real Estate,REIT - Office,Vornado Realty Trust,VNO,5789
Real Estate,REIT - Office,"Boston Properties, Inc.",BXP,14011
Real Estate,REIT - Office,"Alexandria Real Estate Equities, Inc.",ARE,23894
Real Estate,REIT - Office,"Digital Realty Trust, Inc.",DLR,35986
Real Estate,REIT - Retail,Federal Realty Investment Trust,FRT,7886
Real Estate,REIT - Retail,Regency Centers Corporation,REG,10541
Real Estate,REIT - Retail,Kimco Realty Corporation,KIM,12622
Real Estate,REIT - Retail,"Simon Property Group, Inc.",SPG,32137
Real Estate,REIT - Retail,Realty Income Corporation,O,41611
Real Estate,REIT - Residential,Camden Property Trust,CPT,14271
Real Estate,REIT - Residential,"UDR, Inc.",UDR,14538
Real Estate,REIT - Residential,"Essex Property Trust, Inc.",ESS,17460
Real Estate,REIT - Residential,"Mid-America Apartment Communities, Inc.",MAA,19710
Real Estate,REIT - Residential,Equity Residential,EQR,27014
Real Estate,REIT - Residential,"AvalonBay Communities, Inc.",AVB,27038
Real Estate,REIT - Industrial,Duke Realty Corporation,DRE,21978
Real Estate,REIT - Industrial,Extra Space Storage Inc.,EXR,22421
Real Estate,REIT - Industrial,Public Storage,PSA,53774
Real Estate,REIT - Industrial,"Prologis, Inc.",PLD,90233
Real Estate,REIT - Specialty,Iron Mountain Incorporated,IRM,13933
Real Estate,REIT - Specialty,Weyerhaeuser Company,WY,25377
Real Estate,REIT - Specialty,SBA Communications Corporation,SBAC,34559
Real Estate,REIT - Specialty,"Equinix, Inc.",EQIX,58081
Real Estate,REIT - Specialty,Crown Castle International Corp.,CCI,74126
Real Estate,REIT - Specialty,American Tower Corporation,AMT,119735
Industrials,Security & Protection Services,Allegion plc,ALLE,8722
Industrials,Business Equipment & Supplies,Avery Dennison Corporation,AVY,13748
Industrials,Rental & Leasing Services,"United Rentals, Inc.",URI,18133
Industrials,Tools & Accessories,Snap-on Incorporated,SNA,10830
Industrials,Tools & Accessories,"Stanley Black & Decker, Inc.",SWK,16435
Industrials,Trucking,"Old Dominion Freight Line, Inc.",ODFL,29863
Industrials,Building Products & Equipment,Masco Corporation,MAS,12434
Industrials,Building Products & Equipment,Carrier Global Corporation,CARR,30927
Industrials,Industrial Distribution,"W.W. Grainger, Inc.",GWW,24163
Industrials,Industrial Distribution,Fastenal Company,FAST,28859
Industrials,Consulting Services,Nielsen Holdings plc,NLSN,8345
Industrials,Consulting Services,Equifax Inc.,EFX,22963
Industrials,Consulting Services,"Verisk Analytics, Inc.",VRSK,27482
Industrials,Engineering & Construction,Jacobs Engineering Group Inc.,J,16186
Industrials,Engineering & Construction,"Quanta Services, Inc.",PWR,18396
Industrials,Engineering & Construction,Johnson Controls International plc,JCI,32834
Industrials,Airlines,"Alaska Air Group, Inc.",ALK,5281
Industrials,Airlines,American Airlines Group Inc.,AAL,9682
Industrials,Airlines,"United Airlines Holdings, Inc.",UAL,12566
Industrials,Airlines,"Delta Air Lines, Inc.",DAL,20057
Industrials,Airlines,Southwest Airlines Co.,LUV,22865
Industrials,Specialty Business Services,"Copart, Inc.",CPRT,26732
Industrials,Specialty Business Services,Global Payments Inc.,GPN,31663
Industrials,Specialty Business Services,Cintas Corporation,CTAS,38606
Industrials,Waste Management,"Republic Services, Inc.",RSG,40575
Industrials,Waste Management,"Waste Management, Inc.",WM,63029
Industrials,Staffing & Employment Services,Robert Half International Inc.,RHI,8655
Industrials,Staffing & Employment Services,"Paychex, Inc.",PAYX,41360
Industrials,Staffing & Employment Services,"Automatic Data Processing, Inc.",ADP,88378
Industrials,Farm & Heavy Construction Machinery,PACCAR Inc,PCAR,28328
Industrials,Farm & Heavy Construction Machinery,Deere & Company,DE,90255
Industrials,Farm & Heavy Construction Machinery,Caterpillar Inc.,CAT,93681
Industrials,Integrated Freight & Logistics,"C.H. Robinson Worldwide, Inc.",CHRW,12333
Industrials,Integrated Freight & Logistics,"Expeditors International of Washington, Inc.",EXPD,16354
Industrials,Integrated Freight & Logistics,"J.B. Hunt Transport Services, Inc.",JBHT,17246
Industrials,Integrated Freight & Logistics,FedEx Corporation,FDX,58008
Industrials,Integrated Freight & Logistics,"United Parcel Service, Inc.",UPS,157395
Industrials,Railroads,Westinghouse Air Brake Technologies Corporation,WAB,15134
Industrials,Railroads,Norfolk Southern Corporation,NSC,53593
Industrials,Railroads,CSX Corporation,CSX,62325
Industrials,Railroads,Union Pacific Corporation,UNP,131499
Industrials,Aerospace & Defense,"Huntington Ingalls Industries, Inc.",HII,8561
Industrials,Aerospace & Defense,Textron Inc.,TXT,13218
Industrials,Aerospace & Defense,TransDigm Group Incorporated,TDG,29464
Industrials,Aerospace & Defense,"L3Harris Technologies, Inc.",LHX,44859
Industrials,Aerospace & Defense,General Dynamics Corporation,GD,60015
Industrials,Aerospace & Defense,Northrop Grumman Corporation,NOC,72723
Industrials,Aerospace & Defense,The Boeing Company,BA,87621
Industrials,Aerospace & Defense,Lockheed Martin Corporation,LMT,110647
Industrials,Aerospace & Defense,Raytheon Technologies Corporation,RTX,138798
Industrials,Specialty Industrial Machinery,Pentair plc,PNR,7808
Industrials,Specialty Industrial Machinery,A. O. Smith Corporation,AOS,9164
Industrials,Specialty Industrial Machinery,Nordson Corporation,NDSN,11980
Industrials,Specialty Industrial Machinery,Howmet Aerospace Inc.,HWM,13881
Industrials,Specialty Industrial Machinery,IDEX Corporation,IEX,13978
Industrials,Specialty Industrial Machinery,Generac Holdings Inc.,GNRC,13983
Industrials,Specialty Industrial Machinery,Xylem Inc.,XYL,14102
Industrials,Specialty Industrial Machinery,Ingersoll Rand Inc.,IR,17218
Industrials,Specialty Industrial Machinery,Dover Corporation,DOV,17672
Industrials,Specialty Industrial Machinery,"Rockwell Automation, Inc.",ROK,23397
Industrials,Specialty Industrial Machinery,"AMETEK, Inc.",AME,25700
Industrials,Specialty Industrial Machinery,Cummins Inc.,CMI,28491
Industrials,Specialty Industrial Machinery,Otis Worldwide Corporation,OTIS,29188
Industrials,Specialty Industrial Machinery,Trane Technologies plc,TT,30323
Industrials,Specialty Industrial Machinery,Parker-Hannifin Corporation,PH,32353
Industrials,Specialty Industrial Machinery,"Roper Technologies, Inc.",ROP,41443
Industrials,Specialty Industrial Machinery,Emerson Electric Co.,EMR,47071
Industrials,Specialty Industrial Machinery,Eaton Corporation plc,ETN,51326
Industrials,Specialty Industrial Machinery,Illinois Tool Works Inc.,ITW,58003
Industrials,Specialty Industrial Machinery,General Electric Company,GE,69089
Industrials,Specialty Industrial Machinery,3M Company,MMM,74857
Industrials,Specialty Industrial Machinery,Honeywell International Inc.,HON,118488
Consumer Defensive,Beverages - Brewers,Molson Coors Beverage Company,TAP,12273
Consumer Defensive,Grocery Stores,The Kroger Co.,KR,34571
Consumer Defensive,Food Distribution,Sysco Corporation,SYY,43962
Consumer Defensive,Farm Products,"Tyson Foods, Inc.",TSN,30604
Consumer Defensive,Farm Products,Archer-Daniels-Midland Company,ADM,41585
Consumer Defensive,Beverages - Wineries & Distilleries,Brown-Forman Corporation,BF-B,33354
Consumer Defensive,Beverages - Wineries & Distilleries,"Constellation Brands, Inc.",STZ,45203
Consumer Defensive,Confectioners,The Hershey Company,HSY,45289
Consumer Defensive,Confectioners,"Mondelez International, Inc.",MDLZ,86481
Consumer Defensive,Packaged Foods,"Lamb Weston Holdings, Inc.",LW,10690
Consumer Defensive,Packaged Foods,The J. M. Smucker Company,SJM,14272
Consumer Defensive,Packaged Foods,Campbell Soup Company,CPB,14691
Consumer Defensive,Packaged Foods,"Conagra Brands, Inc.",CAG,17030
Consumer Defensive,Packaged Foods,"McCormick & Company, Incorporated",MKC,22232
Consumer Defensive,Packaged Foods,Kellogg Company,K,24769
Consumer Defensive,Packaged Foods,Hormel Foods Corporation,HRL,26695
Consumer Defensive,Packaged Foods,"General Mills, Inc.",GIS,45318
Consumer Defensive,Packaged Foods,The Kraft Heinz Company,KHC,47130
Consumer Defensive,Tobacco,"Altria Group, Inc.",MO,77139
Consumer Defensive,Tobacco,Philip Morris International Inc.,PM,147103
Consumer Defensive,Household & Personal Products,Newell Brands Inc.,NWL,7922
Consumer Defensive,Household & Personal Products,The Clorox Company,CLX,18220
Consumer Defensive,Household & Personal Products,"Church & Dwight Co., Inc.",CHD,23119
Consumer Defensive,Household & Personal Products,Kimberly-Clark Corporation,KMB,46088
Consumer Defensive,Household & Personal Products,Colgate-Palmolive Company,CL,66548
Consumer Defensive,Household & Personal Products,The Estee Lauder Companies Inc.,EL,90029
Consumer Defensive,Household & Personal Products,The Procter & Gamble Company,PG,349645
Consumer Defensive,Beverages - Non-Alcoholic,Monster Beverage Corporation,MNST,50988
Consumer Defensive,Beverages - Non-Alcoholic,Keurig Dr Pepper Inc.,KDP,51422
Consumer Defensive,Beverages - Non-Alcoholic,"PepsiCo, Inc.",PEP,232292
Consumer Defensive,Beverages - Non-Alcoholic,The Coca-Cola Company,KO,270686
Consumer Defensive,Discount Stores,"Dollar Tree, Inc.",DLTR,37170
Consumer Defensive,Discount Stores,Dollar General Corporation,DG,56629
Consumer Defensive,Discount Stores,Target Corporation,TGT,67924
Consumer Defensive,Discount Stores,Costco Wholesale Corporation,COST,214447
Consumer Defensive,Discount Stores,Walmart Inc.,WMT,342616
Consumer Cyclical,Luxury Goods,"Tapestry, Inc.",TPR,7930
Consumer Cyclical,Auto & Truck Dealerships,"CarMax, Inc.",KMX,14868
Consumer Cyclical,Personal Services,"Rollins, Inc.",ROL,17621
Consumer Cyclical,"Furnishings, Fixtures & Appliances","Mohawk Industries, Inc.",MHK,8059
Consumer Cyclical,"Furnishings, Fixtures & Appliances","Fortune Brands Home & Security, Inc.",FBHS,8287
Consumer Cyclical,"Furnishings, Fixtures & Appliances",Whirlpool Corporation,WHR,9318
Consumer Cyclical,Leisure,"Hasbro, Inc.",HAS,11432
Consumer Cyclical,Leisure,Pool Corporation,POOL,15330
Consumer Cyclical,Apparel Manufacturing,PVH Corp.,PVH,3848
Consumer Cyclical,Apparel Manufacturing,Ralph Lauren Corporation,RL,6532
Consumer Cyclical,Apparel Manufacturing,V.F. Corporation,VFC,17574
Consumer Cyclical,Auto Parts,BorgWarner Inc.,BWA,8318
Consumer Cyclical,Auto Parts,LKQ Corporation,LKQ,14305
Consumer Cyclical,Auto Parts,Aptiv PLC,APTV,24422
Consumer Cyclical,Resorts & Casinos,"Penn National Gaming, Inc.",PENN,5094
Consumer Cyclical,Resorts & Casinos,"Wynn Resorts, Limited",WYNN,6504
Consumer Cyclical,Resorts & Casinos,"Caesars Entertainment, Inc.",CZR,8706
Consumer Cyclical,Resorts & Casinos,MGM Resorts International,MGM,12489
Consumer Cyclical,Resorts & Casinos,Las Vegas Sands Corp.,LVS,26108
Consumer Cyclical,Residential Construction,"PulteGroup, Inc.",PHM,10322
Consumer Cyclical,Residential Construction,"NVR, Inc.",NVR,14354
Consumer Cyclical,Residential Construction,Lennar Corporation,LEN,22117
Consumer Cyclical,Residential Construction,"D.R. Horton, Inc.",DHI,25987
Consumer Cyclical,Lodging,Hilton Worldwide Holdings Inc.,HLT,31999
Consumer Cyclical,Lodging,"Marriott International, Inc.",MAR,45824
Consumer Cyclical,Packaging & Containers,Sealed Air Corporation,SEE,8454
Consumer Cyclical,Packaging & Containers,WestRock Company,WRK,10495
Consumer Cyclical,Packaging & Containers,Packaging Corporation of America,PKG,13107
Consumer Cyclical,Packaging & Containers,International Paper Company,IP,15981
Consumer Cyclical,Packaging & Containers,Amcor plc,AMCR,19055
Consumer Cyclical,Packaging & Containers,Ball Corporation,BALL,22204
Consumer Cyclical,Apparel Retail,"Ross Stores, Inc.",ROST,26645
Consumer Cyclical,Apparel Retail,"The TJX Companies, Inc.",TJX,69747
Consumer Cyclical,Travel Services,Norwegian Cruise Line Holdings Ltd.,NCLH,4979
Consumer Cyclical,Travel Services,Royal Caribbean Cruises Ltd.,RCL,8759
Consumer Cyclical,Travel Services,Carnival Corporation & plc,CCL,10606
Consumer Cyclical,Travel Services,"Expedia Group, Inc.",EXPE,14736
Consumer Cyclical,Travel Services,Booking Holdings Inc.,BKNG,71268
Consumer Cyclical,Footwear & Accessories,"NIKE, Inc.",NKE,163596
Consumer Cyclical,Specialty Retail,"Bath & Body Works, Inc.",BBWI,6252
Consumer Cyclical,Specialty Retail,"Advance Auto Parts, Inc.",AAP,11214
Consumer Cyclical,Specialty Retail,"Best Buy Co., Inc.",BBY,15793
Consumer Cyclical,Specialty Retail,Genuine Parts Company,GPC,19508
Consumer Cyclical,Specialty Retail,"Ulta Beauty, Inc.",ULTA,19652
Consumer Cyclical,Specialty Retail,Tractor Supply Company,TSCO,21932
Consumer Cyclical,Specialty Retail,"AutoZone, Inc.",AZO,41790
Consumer Cyclical,Specialty Retail,"O'Reilly Automotive, Inc.",ORLY,43182
Consumer Cyclical,Restaurants,"Domino's Pizza, Inc.",DPZ,14258
Consumer Cyclical,Restaurants,"Darden Restaurants, Inc.",DRI,14510
Consumer Cyclical,Restaurants,"Yum! Brands, Inc.",YUM,33159
Consumer Cyclical,Restaurants,"Chipotle Mexican Grill, Inc.",CMG,35585
Consumer Cyclical,Restaurants,Starbucks Corporation,SBUX,89137
Consumer Cyclical,Restaurants,McDonald's Corporation,MCD,185760
Consumer Cyclical,Home Improvement Retail,"Lowe's Companies, Inc.",LOW,115644
Consumer Cyclical,Home Improvement Retail,"The Home Depot, Inc.",HD,293257
Consumer Cyclical,Auto Manufacturers,General Motors Company,GM,46476
Consumer Cyclical,Auto Manufacturers,Ford Motor Company,F,46588
Consumer Cyclical,Auto Manufacturers,"Tesla, Inc.",TSLA,702188
Consumer Cyclical,Internet Retail,"Etsy, Inc.",ETSY,10990
Consumer Cyclical,Internet Retail,eBay Inc.,EBAY,24566
Consumer Cyclical,Internet Retail,"Amazon.com, Inc.",AMZN,1118847
Healthcare,Pharmaceutical Retailers,"Walgreens Boots Alliance, Inc.",WBA,33392
Healthcare,Medical Care Facilities,"Universal Health Services, Inc.",UHS,7711
Healthcare,Medical Care Facilities,DaVita Inc.,DVA,8051
Healthcare,Medical Care Facilities,"HCA Healthcare, Inc.",HCA,50864
Healthcare,Medical Distribution,"Henry Schein, Inc.",HSIC,10538
Healthcare,Medical Distribution,"Cardinal Health, Inc.",CAH,14446
Healthcare,Medical Distribution,AmerisourceBergen Corporation,ABC,29248
Healthcare,Medical Distribution,McKesson Corporation,MCK,45594
Healthcare,Drug Manufacturers - Specialty & Generic,Viatris Inc.,VTRS,12473
Healthcare,Drug Manufacturers - Specialty & Generic,"Catalent, Inc.",CTLT,18613
Healthcare,Drug Manufacturers - Specialty & Generic,Zoetis Inc.,ZTS,82314
Healthcare,Biotechnology,Bio-Techne Corporation,TECH,13776
Healthcare,Biotechnology,Incyte Corporation,INCY,17879
Healthcare,Biotechnology,"Regeneron Pharmaceuticals, Inc.",REGN,65493
Healthcare,Biotechnology,"Moderna, Inc.",MRNA,67413
Healthcare,Biotechnology,Vertex Pharmaceuticals Incorporated,VRTX,74141
Healthcare,Medical Instruments & Supplies,DENTSPLY SIRONA Inc.,XRAY,7555
Healthcare,Medical Instruments & Supplies,Teleflex Incorporated,TFX,11488
Healthcare,Medical Instruments & Supplies,"The Cooper Companies, Inc.",COO,14918
Healthcare,Medical Instruments & Supplies,"Hologic, Inc.",HOLX,17725
Healthcare,Medical Instruments & Supplies,STERIS plc,STE,20592
Healthcare,Medical Instruments & Supplies,"West Pharmaceutical Services, Inc.",WST,22106
Healthcare,Medical Instruments & Supplies,ResMed Inc.,RMD,31944
Healthcare,Medical Instruments & Supplies,Baxter International Inc.,BAX,32583
Healthcare,Medical Instruments & Supplies,"Becton, Dickinson and Company",BDX,67737
Healthcare,Medical Instruments & Supplies,"Intuitive Surgical, Inc.",ISRG,72520
Healthcare,Medical Devices,"Abiomed, Inc.",ABMD,11705
Healthcare,Medical Devices,"Bio-Rad Laboratories, Inc.",BIO,14773
Healthcare,Medical Devices,"Align Technology, Inc.",ALGN,19480
Healthcare,Medical Devices,"Zimmer Biomet Holdings, Inc.",ZBH,21740
Healthcare,Medical Devices,Boston Scientific Corporation,BSX,52736
Healthcare,Medical Devices,Edwards Lifesciences Corporation,EW,59923
Healthcare,Medical Devices,Stryker Corporation,SYK,74314
Healthcare,Medical Devices,Medtronic plc,MDT,117869
Healthcare,Medical Devices,Abbott Laboratories,ABT,190026
Healthcare,Diagnostics & Research,"Charles River Laboratories International, Inc.",CRL,10956
Healthcare,Diagnostics & Research,Quest Diagnostics Incorporated,DGX,15739
Healthcare,Diagnostics & Research,"PerkinElmer, Inc.",PKI,17542
Healthcare,Diagnostics & Research,Waters Corporation,WAT,20368
Healthcare,Diagnostics & Research,Laboratory Corporation of America Holdings,LH,22280
Healthcare,Diagnostics & Research,Mettler-Toledo International Inc.,MTD,26692
Healthcare,Diagnostics & Research,"Illumina, Inc.",ILMN,30305
Healthcare,Diagnostics & Research,"IDEXX Laboratories, Inc.",IDXX,30776
Healthcare,Diagnostics & Research,"DexCom, Inc.",DXCM,30891
Healthcare,Diagnostics & Research,"Agilent Technologies, Inc.",A,35804
Healthcare,Diagnostics & Research,IQVIA Holdings Inc.,IQV,40327
Healthcare,Diagnostics & Research,Danaher Corporation,DHR,183515
Healthcare,Diagnostics & Research,Thermo Fisher Scientific Inc.,TMO,207859
Healthcare,Healthcare Plans,"Molina Healthcare, Inc.",MOH,16395
Healthcare,Healthcare Plans,Centene Corporation,CNC,49244
Healthcare,Healthcare Plans,Humana Inc.,HUM,60227
Healthcare,Healthcare Plans,Cigna Corporation,CI,87548
Healthcare,Healthcare Plans,Elevance Health Inc.,ELV,113933
Healthcare,Healthcare Plans,CVS Health Corporation,CVS,123952
Healthcare,Healthcare Plans,UnitedHealth Group Incorporated,UNH,478657
Healthcare,Drug Manufacturers - General,Organon & Co.,OGN,8410
Healthcare,Drug Manufacturers - General,Biogen Inc.,BIIB,31450
Healthcare,Drug Manufacturers - General,"Gilead Sciences, Inc.",GILD,78044
Healthcare,Drug Manufacturers - General,Amgen Inc.,AMGN,131368
Healthcare,Drug Manufacturers - General,Bristol-Myers Squibb Company,BMY,159192
Healthcare,Drug Manufacturers - General,"Merck & Co., Inc.",MRK,237282
Healthcare,Drug Manufacturers - General,AbbVie Inc.,ABBV,267914
Healthcare,Drug Manufacturers - General,Pfizer Inc.,PFE,293364
Healthcare,Drug Manufacturers - General,Eli Lilly and Company,LLY,305116
Healthcare,Drug Manufacturers - General,Johnson & Johnson,JNJ,463303
Communication Services,Advertising Agencies,"The Interpublic Group of Companies, Inc.",IPG,10889
Communication Services,Advertising Agencies,Omnicom Group Inc.,OMC,13082
Communication Services,Broadcasting,News Corporation,NWS,9365
Communication Services,Broadcasting,Fox Corporation,FOXA,17983
Communication Services,Electronic Gaming & Multimedia,"Take-Two Interactive Software, Inc.",TTWO,20075
Communication Services,Electronic Gaming & Multimedia,Electronic Arts Inc.,EA,34061
Communication Services,Electronic Gaming & Multimedia,"Activision Blizzard, Inc.",ATVI,60213
Communication Services,Telecom Services,"Lumen Technologies, Inc.",LUMN,11353
Communication Services,Telecom Services,AT&T Inc.,T,149956
Communication Services,Telecom Services,"T-Mobile US, Inc.",TMUS,169289
Communication Services,Telecom Services,Verizon Communications Inc.,VZ,214186
Communication Services,Entertainment,DISH Network Corporation,DISH,9091
Communication Services,Entertainment,Paramount Global,PARA,16623
Communication Services,Entertainment,"Live Nation Entertainment, Inc.",LYV,19077
Communication Services,Entertainment,"Warner Bros. Discovery, Inc.",WBD,35136
Communication Services,Entertainment,"Netflix, Inc.",NFLX,78455
Communication Services,Entertainment,"Charter Communications, Inc.",CHTR,89996
Communication Services,Entertainment,The Walt Disney Company,DIS,173283
Communication Services,Entertainment,Comcast Corporation,CMCSA,177991
Communication Services,Internet Content & Information,"Match Group, Inc.",MTCH,19923
Communication Services,Internet Content & Information,"Twitter, Inc.",TWTR,27428
Communication Services,Internet Content & Information,"Meta Platforms, Inc.",META,445248
Communication Services,Internet Content & Information,Alphabet Inc.,GOOG,1576803
Financial,Insurance - Specialty,"Assurant, Inc.",AIZ,9364
Financial,Insurance - Reinsurance,"Everest Re Group, Ltd.",RE,11109
Financial,Insurance - Life,Lincoln National Corporation,LNC,8340
Financial,Insurance - Life,Globe Life Inc.,GL,9840
Financial,Insurance - Life,Aflac Incorporated,AFL,35969
Financial,Insurance - Life,"Prudential Financial, Inc.",PRU,36116
Financial,Insurance - Life,"MetLife, Inc.",MET,50568
Financial,Insurance Brokers,"Brown & Brown, Inc.",BRO,16767
Financial,Insurance Brokers,Willis Towers Watson Public Limited Company,WTW,21949
Financial,Insurance Brokers,Arthur J. Gallagher & Co.,AJG,34735
Financial,Insurance Brokers,Aon plc,AON,57448
Financial,Insurance Brokers,"Marsh & McLennan Companies, Inc.",MMC,77308
Financial,Asset Management,Invesco Ltd.,IVZ,7315
Financial,Asset Management,"Franklin Resources, Inc.",BEN,12224
Financial,Asset Management,Northern Trust Corporation,NTRS,20204
Financial,Asset Management,State Street Corporation,STT,23136
Financial,Asset Management,"Ameriprise Financial, Inc.",AMP,25645
Financial,Asset Management,"T. Rowe Price Group, Inc.",TROW,26519
Financial,Asset Management,The Bank of New York Mellon Corporation,BK,34063
Financial,Asset Management,"BlackRock, Inc.",BLK,92013
Financial,Insurance - Property & Casualty,Loews Corporation,L,14379
Financial,Insurance - Property & Casualty,W. R. Berkley Corporation,WRB,17559
Financial,Insurance - Property & Casualty,Cincinnati Financial Corporation,CINF,18816
Financial,Insurance - Property & Casualty,The Allstate Corporation,ALL,35295
Financial,Insurance - Property & Casualty,"The Travelers Companies, Inc.",TRV,39809
Financial,Insurance - Property & Casualty,The Progressive Corporation,PGR,68599
Financial,Insurance - Property & Casualty,Chubb Limited,CB,81962
Financial,Financial Data & Stock Exchanges,"Cboe Global Markets, Inc.",CBOE,12828
Financial,Financial Data & Stock Exchanges,FactSet Research Systems Inc.,FDS,14945
Financial,Financial Data & Stock Exchanges,"Nasdaq, Inc.",NDAQ,25509
Financial,Financial Data & Stock Exchanges,MSCI Inc.,MSCI,34218
Financial,Financial Data & Stock Exchanges,Moody's Corporation,MCO,50966
Financial,Financial Data & Stock Exchanges,"Intercontinental Exchange, Inc.",ICE,52548
Financial,Financial Data & Stock Exchanges,CME Group Inc.,CME,72980
Financial,Financial Data & Stock Exchanges,S&P Global Inc.,SPGI,117404
Financial,Capital Markets,MarketAxess Holdings Inc.,MKTX,9740
Financial,Capital Markets,"Raymond James Financial, Inc.",RJF,19436
Financial,Capital Markets,"The Goldman Sachs Group, Inc.",GS,101189
Financial,Capital Markets,The Charles Schwab Corporation,SCHW,117828
Financial,Capital Markets,Morgan Stanley,MS,133290
Financial,Banks - Regional,"Zions Bancorporation, National Association",ZION,7663
Financial,Banks - Regional,Comerica Incorporated,CMA,9647
Financial,Banks - Regional,Signature Bank,SBNY,11877
Financial,Banks - Regional,KeyCorp,KEY,16261
Financial,Banks - Regional,Regions Financial Corporation,RF,17746
Financial,Banks - Regional,Huntington Bancshares Incorporated,HBAN,17918
Financial,Banks - Regional,"Citizens Financial Group, Inc.",CFG,17934
Financial,Banks - Regional,Fifth Third Bancorp,FITB,23045
Financial,Banks - Regional,SVB Financial Group,SIVB,24480
Financial,Banks - Regional,First Republic Bank,FRC,26919
Financial,Banks - Regional,M&T Bank Corporation,MTB,28315
Financial,Banks - Regional,Truist Financial Corporation,TFC,63264
Financial,Banks - Regional,"The PNC Financial Services Group, Inc.",PNC,65343
Financial,Banks - Regional,U.S. Bancorp,USB,68980
Financial,Insurance - Diversified,"Principal Financial Group, Inc.",PFG,16643
Financial,Insurance - Diversified,"The Hartford Financial Services Group, Inc.",HIG,21512
Financial,Insurance - Diversified,"American International Group, Inc.",AIG,40748
Financial,Insurance - Diversified,Berkshire Hathaway Inc.,BRK-B,673790
Financial,Banks - Diversified,Citigroup Inc.,C,89791
Financial,Banks - Diversified,Wells Fargo & Company,WFC,149873
Financial,Banks - Diversified,Bank of America Corporation,BAC,253220
Financial,Banks - Diversified,JPMorgan Chase & Co.,JPM,332843
Financial,Credit Services,Synchrony Financial,SYF,15177
Financial,Credit Services,Discover Financial Services,DFS,27900
Financial,Credit Services,Capital One Financial Corporation,COF,42160
Financial,Credit Services,"PayPal Holdings, Inc.",PYPL,84532
Financial,Credit Services,American Express Company,AXP,104270
Financial,Credit Services,Mastercard Incorporated,MA,315011
Financial,Credit Services,Visa Inc.,V,425060
Technology,Solar,"SolarEdge Technologies, Inc.",SEDG,14287
Technology,Solar,"Enphase Energy, Inc.",ENPH,24447
Technology,Scientific & Technical Instruments,Trimble Inc.,TRMB,14520
Technology,Scientific & Technical Instruments,Teledyne Technologies Incorporated,TDY,17644
Technology,Scientific & Technical Instruments,Fortive Corporation,FTV,19596
Technology,Scientific & Technical Instruments,Garmin Ltd.,GRMN,19849
Technology,Scientific & Technical Instruments,"Keysight Technologies, Inc.",KEYS,25427
Technology,Electronic Components,Corning Incorporated,GLW,27373
Technology,Electronic Components,TE Connectivity Ltd.,TEL,36342
Technology,Electronic Components,Amphenol Corporation,APH,38409
Technology,Computer Hardware,"NetApp, Inc.",NTAP,14172
Technology,Computer Hardware,Western Digital Corporation,WDC,14294
Technology,Computer Hardware,Seagate Technology Holdings plc,STX,15984
Technology,Computer Hardware,"Arista Networks, Inc.",ANET,29986
Technology,Computer Hardware,HP Inc.,HPQ,32066
Technology,Semiconductor Equipment & Materials,"Teradyne, Inc.",TER,14278
Technology,Semiconductor Equipment & Materials,KLA Corporation,KLAC,46433
Technology,Semiconductor Equipment & Materials,Lam Research Corporation,LRCX,56265
Technology,Semiconductor Equipment & Materials,"Applied Materials, Inc.",AMAT,76818
Technology,Communication Equipment,"Juniper Networks, Inc.",JNPR,9124
Technology,Communication Equipment,Zebra Technologies Corporation,ZBRA,15643
Technology,Communication Equipment,Hewlett Packard Enterprise Company,HPE,16853
Technology,Communication Equipment,"Motorola Solutions, Inc.",MSI,35599
Technology,Communication Equipment,"Cisco Systems, Inc.",CSCO,176786
Technology,Software - Application,Ceridian HCM Holding Inc.,CDAY,7347
Technology,Software - Application,PTC Inc.,PTC,12127
Technology,Software - Application,"Citrix Systems, Inc.",CTXS,12955
Technology,Software - Application,"Tyler Technologies, Inc.",TYL,13470
Technology,Software - Application,"Paycom Software, Inc.",PAYC,18033
Technology,Software - Application,"ANSYS, Inc.",ANSS,20980
Technology,Software - Application,"Autodesk, Inc.",ADSK,37947
Technology,Software - Application,"Cadence Design Systems, Inc.",CDNS,42466
Technology,Software - Application,"ServiceNow, Inc.",NOW,86289
Technology,Software - Application,Intuit Inc.,INTU,109922
Technology,Software - Application,"Salesforce, Inc.",CRM,166572
Technology,Information Technology Services,DXC Technology Company,DXC,6582
Technology,Information Technology Services,"Jack Henry & Associates, Inc.",JKHY,13467
Technology,Information Technology Services,"Leidos Holdings, Inc.",LDOS,13625
Technology,Information Technology Services,"FLEETCOR Technologies, Inc.",FLT,16286
Technology,Information Technology Services,"Broadridge Financial Solutions, Inc.",BR,17134
Technology,Information Technology Services,"EPAM Systems, Inc.",EPAM,17855
Technology,Information Technology Services,"Gartner, Inc.",IT,19336
Technology,Information Technology Services,CDW Corporation,CDW,21149
Technology,Information Technology Services,Cognizant Technology Solutions Corporation,CTSH,34238
Technology,Information Technology Services,"Fidelity National Information Services, Inc.",FIS,57090
Technology,Information Technology Services,"Fiserv, Inc.",FISV,60036
Technology,Information Technology Services,International Business Machines Corporation,IBM,125504
Technology,Information Technology Services,Accenture plc,ACN,173315
Technology,Semiconductors,"Qorvo, Inc.",QRVO,10380
Technology,Semiconductors,"Skyworks Solutions, Inc.",SWKS,15588
Technology,Semiconductors,"Monolithic Power Systems, Inc.",MPWR,17576
Technology,Semiconductors,ON Semiconductor Corporation,ON,22302
Technology,Semiconductors,Microchip Technology Incorporated,MCHP,32439
Technology,Semiconductors,NXP Semiconductors N.V.,NXPI,39387
Technology,Semiconductors,"Micron Technology, Inc.",MU,64964
Technology,Semiconductors,"Analog Devices, Inc.",ADI,76254
Technology,Semiconductors,"Advanced Micro Devices, Inc.",AMD,123664
Technology,Semiconductors,Texas Instruments Incorporated,TXN,141662
Technology,Semiconductors,QUALCOMM Incorporated,QCOM,147141
Technology,Semiconductors,Intel Corporation,INTC,152752
Technology,Semiconductors,Broadcom Inc.,AVGO,194329
Technology,Semiconductors,NVIDIA Corporation,NVDA,377526
Technology,Consumer Electronics,Apple Inc.,AAPL,2349692
Technology,Software - Infrastructure,"F5, Inc.",FFIV,9115
Technology,Software - Infrastructure,NortonLifeLock Inc.,NLOK,13312
Technology,Software - Infrastructure,"Akamai Technologies, Inc.",AKAM,14436
Technology,Software - Infrastructure,"VeriSign, Inc.",VRSN,19107
Technology,Software - Infrastructure,"Fortinet, Inc.",FTNT,47028
Technology,Software - Infrastructure,"Synopsys, Inc.",SNPS,47150
Technology,Software - Infrastructure,Adobe Inc.,ADBE,176406
Technology,Software - Infrastructure,Oracle Corporation,ORCL,187532
Technology,Software - Infrastructure,Microsoft Corporation,MSFT,1902451
